Hotel Name,Class of Rating,Rating Score,Number of Reviews
14 Gloucester Street by Lyon Apartments,Very Good,8.4,39 reviews
Harborside Inn,Very Good,8.5,"1,979 reviews"
Wyndham Boston Beacon Hill,Good,7.8,"1,872 reviews"
Three-Bedroom on Hamilton Place Apt 408,N/A,N/A,N/A
Taj Boston,Excellent,8.8,"2,172 reviews"
102 Chandler #9 By Lyon Apartments,N/A,N/A,N/A
Global Luxury Suites at Fenway,Excellent,8.6,118 reviews
112 Myrtle St #1 by Lyon Apartments,Good,7.8,20 reviews
One-Bedroom on Washington Street Apt 204,N/A,N/A,N/A
112 Myrtle St #7 by Lyon Apartments,Very Good,8.0,14 reviews
The Bostonian Boston,Excellent,8.9,973 reviews
Aloft Boston Seaport,Very Good,8.5,759 reviews
Hyatt Regency Boston Harbor,Excellent,8.6,"1,336 reviews"
Bluebird Suites at Boston's Theatre District,Very Good,8.2,57 reviews
The Lenox,Awesome,9.3,897 reviews
Hilton Garden Inn Boston Logan Airport,Awesome,9.0,948 reviews
Club Quarters Hotel in Boston,Very Good,8.2,"2,100 reviews"
"Battery Wharf Hotel, Boston Waterfront",Excellent,8.6,"1,040 reviews"
Temple Place Suites by Short Term Rentals Boston,Good,7.3,124 reviews
"Modern, Spacious, Two Bedroom With Balcony!",N/A,N/A,N/A
One-Bedroom on Washington Street Apt 308,N/A,N/A,N/A
Chandler Inn Hotel,Good,7.8,826 reviews
Three-Bedroom on Larose Place Apt L,Excellent,8.7,13 reviews
Global Luxury Suites at Back Bay,Good,7.6,111 reviews
Hilton Boston Logan Airport,Very Good,8.2,"2,158 reviews"
Two-Bedroom on Hamilton Place Apt 402,N/A,N/A,N/A
One-Bedroom on Boylston Street Apt 9,N/A,N/A,N/A
Two-Bedroom on Columbia Road Apt 1D,N/A,N/A,N/A
Hotel Boston,Good,7.4,574 reviews
Global Luxury Suites at China Town,Very Good,8.2,223 reviews
Hotel Boston,Good,7.4,574 reviews
Global Luxury Suites at China Town,Very Good,8.2,223 reviews
Bricco Suites,Excellent,8.7,398 reviews
The Baldwin at Longwood Medical Area,Awesome,9.1,139 reviews
Global Luxury Suites at Massachusetts General,Good,7.9,45 reviews
W Boston,Excellent,8.7,674 reviews
Found Hotel Boston Common,Good,7.0,"2,995 reviews"
Hyatt Regency Boston,Very Good,8.5,"1,350 reviews"
Charlesmark Hotel,Very Good,8.4,957 reviews
Two-Bedroom on Hamilton Place Apt 303,N/A,N/A,N/A
Studio on Arch Street Apt 4A,Excellent,8.8,8 reviews
One-Bedroom on Beacon Street Apt 201,Excellent,8.8,6 reviews
One-Bedroom on Boylston Street Apt 1311,N/A,N/A,N/A
DoubleTree Suites by Hilton Hotel Boston - Cambridge,Excellent,8.6,971 reviews
One-Bedroom on St. Botolph Street Apt 10,N/A,N/A,N/A
Constitution Inn,Review score,6.7,"1,393 reviews"
Boston Harbor View Luxury Suites,Very Good,8.2,167 reviews
Boston Yacht Haven,Exceptional,9.5,392 reviews
Two-Bedroom on Hamilton Place Apt 501,N/A,N/A,N/A
Concord Square by Short Term Rentals Boston,Review score,6.9,560 reviews
Hilton Boston Back Bay,Very Good,8.2,530 reviews
14 Gloucester Street 1B,Awesome,9.3,8 reviews
Two-Bedroom on Western Avenue Apt S - 404,N/A,N/A,N/A
Copley Garrison,Very Good,8.3,171 reviews
Goodwin Beacon Hill House,N/A,N/A,N/A
Studio on Arch Street Apt 4E,N/A,N/A,N/A
Three-Bedroom on Brainerd Road Apt 22,Very Good,8.0,14 reviews
One-Bedroom on D Street Apt 350,N/A,N/A,N/A
Boston Marriott Copley Place,Excellent,8.6,"1,072 reviews"
Studio on Arch Street Apt 4B,N/A,N/A,N/A
Studio on Arch Street Apt 4B,N/A,N/A,N/A
Charles River Inn,Review score,6.6,872 reviews
Charming 2 Bedroom Apartment by the Green Line with Private Parking,N/A,N/A,N/A
Copley Square Hotel,Very Good,8.5,764 reviews
Studio on Arch Street Apt 1A,Very Good,8.3,5 reviews
Two-Bedroom on E Springfield Street Apt 4,N/A,N/A,N/A
Boston Little Italy Two Bedrooms (H2D),N/A,N/A,N/A
Global Luxury Suites at Fenway Park,Good,7.8,233 reviews
Revere Hotel Boston Common,Very Good,8.4,"2,034 reviews"
Apartment in Historic Location,Awesome,9.1,17 reviews
Beautiful 2BR/1BA in convenient North End location,N/A,N/A,N/A
Back Bay Beacon,Very Good,8.3,156 reviews
One-Bedroom on Arch Street Apt 2C,Good,7.8,14 reviews
DoubleTree by Hilton Hotel Boston - Downtown,Very Good,8.2,769 reviews
Boston Harbor Hotel,Awesome,9.3,361 reviews
Boston Harbor Hotel,Awesome,9.3,361 reviews
Welcome to Boston,Exceptional,9.7,7 reviews
Best Western Plus Boston Hotel,Good,7.3,"1,168 reviews"
One-Bedroom on D Street Apt 353,N/A,N/A,N/A
Bluebird Suites at Garrison Square,Review score,6.6,14 reviews
Westin Boston Waterfront,Very Good,8.4,365 reviews
One-Bedroom on Boylston Street Apt 914,N/A,N/A,N/A
Two-Bedroom on Hamilton Place Apt 401,N/A,N/A,N/A
Evolve Park Lane Seaport,Good,7.5,10 reviews
One-Bedroom on Brookline Avenue Apt 834,N/A,N/A,N/A
The Eliot Suite Hotel,Awesome,9.0,"1,200 reviews"
Fairmont Copley Plaza,Excellent,8.8,854 reviews
Global Luxury Suites at Kenmore Square,Good,7.7,50 reviews
Embassy Suites Boston at Logan Airport,Very Good,8.2,753 reviews
Studio on Washington Street Apt 301,N/A,N/A,N/A
Boston Christopher,Very Good,8.1,288 reviews
Kimpton Nine Zero Hotel,Excellent,8.9,819 reviews
A Street Apartment by Stay Alfred,Awesome,9.2,105 reviews
One-Bedroom on D Street Apt 345,Very Good,8.3,5 reviews
Inn at St. Botolph,Excellent,8.9,215 reviews
"The Envoy Hotel, Autograph Collection",Excellent,8.8,230 reviews
One-Bedroom on Warrenton Street Apt 20,N/A,N/A,N/A
Global Luxury Suites at West End,Good,7.5,9 reviews
One-Bedroom on D Street Apt 432,Awesome,9.0,6 reviews
Boston Newbury,Good,7.8,174 reviews
Jefferies Point Condos by Airport & Subway - 2,N/A,N/A,N/A
Hotel Commonwealth,Awesome,9.1,"1,763 reviews"
Two-Bedroom on Newbury St Apt 41,N/A,N/A,N/A
One-Bedroom on Warrenton Street Apt 5,N/A,N/A,N/A
Boston Park Plaza,Very Good,8.1,"1,098 reviews"
Boston Park Plaza,Very Good,8.1,"1,098 reviews"
One-Bedroom on Beacon Street Apt 17,N/A,N/A,N/A
One-Bedroom on D Street Apt 151,N/A,N/A,N/A
Comfort Inn Boston,Good,7.5,922 reviews
Two-Bedroom on D Street Apt 136,Good,7.7,5 reviews
Courtyard Boston Copley Square,Very Good,8.5,197 reviews
Four-Bedroom on Hamilton Place Apt 406,N/A,N/A,N/A
Mandarin Oriental Boston,Awesome,9.2,84 reviews
Evolve Suites Back Bay,Very Good,8.2,176 reviews
Two-Bedroom on D Street Apt 312,N/A,N/A,N/A
Encore Bed and Breakfast,Excellent,8.9,79 reviews
Boston Omni Parker House Hotel,Very Good,8.3,"2,533 reviews"
Hampton Inn & Suites Boston Crosstown Center,Very Good,8.0,498 reviews
"The Liberty, a Luxury Collection Hotel",Excellent,8.8,531 reviews
Courtyard by Marriott Boston Logan Airport,Good,7.9,413 reviews
Global Luxury Suites at Boston Common,Excellent,8.9,12 reviews
102 Chandler Street #1 by Lyon Apartments,Very Good,8.4,14 reviews
Beech Glen Street 3BR/2BA,N/A,N/A,N/A
Courtyard Boston-South Boston,Very Good,8.4,333 reviews
Historic Apartment with Private Entry,N/A,N/A,N/A
Midtown Hotel,Good,7.7,"1,111 reviews"
102 Chandler #4 By Lyon Apartments,N/A,N/A,N/A
Jefferies Point Condos by Airport & Subway - 3,N/A,N/A,N/A
One-Bedroom on Washington Street Apt 206,N/A,N/A,N/A
Apartments on Harrison Avenue,Excellent,8.6,72 reviews
The West End Family Getaway,N/A,N/A,N/A
Bluebird Suites Near South Station,N/A,N/A,N/A
One-Bedroom on Brookline Avenue Apt 634,N/A,N/A,N/A
Jefferies Point Condos by Airport & Subway,N/A,N/A,N/A
Two-Bedroom on Washington Street Apt 407,N/A,N/A,N/A
Studio on Washington Street Apt 202,N/A,N/A,N/A
Herbivorian House,N/A,N/A,N/A
Element Boston Seaport by Westin,Excellent,8.9,154 reviews
Two-Bedroom on Washington Street Apt 507,N/A,N/A,N/A
Three-Bedroom on South Street Apt 11,N/A,N/A,N/A
Studio on Washington Street Apt 203,N/A,N/A,N/A
Two-Bedroom on Arch Street Apt 5C,Good,7.9,8 reviews
Two-Bedroom on Commonwealth Avenue Apt 311,N/A,N/A,N/A
The Ledder House,Excellent,8.6,6 reviews
Three-Bedroom on South Street Apt 5,N/A,N/A,N/A
One-Bedroom on Elko Street Apt 8,N/A,N/A,N/A
Three-Bedroom on Hamilton Place Apt 405,N/A,N/A,N/A
Cherrywood on Beacon Hill,N/A,N/A,N/A
Two-Bedroom on Hamilton Place Apt 302,N/A,N/A,N/A
12 Mt. Vernon Street by Short Term Rentals Boston,Very Good,8.5,11 reviews
Two-Bedroom on Milk Street Apt 5A,Awesome,9.2,5 reviews
The Langham Boston,Awesome,9.1,794 reviews
Apartment in the Heart of Boston,Very Good,8.2,7 reviews
Apartments on Newbury Street,Very Good,8.2,10 reviews
Hilton Boston Downtown/Faneuil Hall,Very Good,8.5,702 reviews
Studio on Arch Street Apt 3E,Very Good,8.0,10 reviews
"Best Boston Location, 2BR (M2)",N/A,N/A,N/A
Gorgeous 2 Bedroom Apartment by Boston University and Private Parking,N/A,N/A,N/A
HI - Boston Hostel,Excellent,8.7,"5,610 reviews"
2BR With Views of Charles River by STARS of Boston,Review score,6.8,10 reviews
"Spacious, Modern Bedroom",N/A,N/A,N/A
Two-Bedroom on Western Avenue Apt S - 402,N/A,N/A,N/A
One-Bedroom on Brainerd Road Apt 27,N/A,N/A,N/A
Apartments on Washington Street,Very Good,8.2,20 reviews
Studio on Arch Street Apt 3A,N/A,N/A,N/A
One-Bedroom on Western Avenue Apt S - 418,N/A,N/A,N/A
Holiday Inn Express Boston,Very Good,8.0,497 reviews
Oasis Guest House,Very Good,8.2,338 reviews
Studio on Washington Street Apt 502,N/A,N/A,N/A
One-Bedroom on Washington Street Apt 306,N/A,N/A,N/A
Two-Bedroom on Union Park Street Apt 2,N/A,N/A,N/A
West Broadway Quarters by Short Term Rentals Boston,Good,7.8,687 reviews
Two-Bedroom on Tremont Street Apt 402,N/A,N/A,N/A
Residence Inn by Marriott Boston Back Bay/Fenway,Awesome,9.0,313 reviews
Evolve East Boston,Good,7.8,298 reviews
Two-Bedroom on D Street Apt 106,N/A,N/A,N/A
Bluebird Suites in Downtown Boston,N/A,N/A,N/A
One-Bedroom on Boylston Street Apt 603,Excellent,8.9,5 reviews
One-Bedroom on Brookline Avenue Apt 1508,N/A,N/A,N/A
Boston Common Hotel Copley Square,Review score,6.6,482 reviews
Boston Common Hotel Copley Square,Review score,6.6,482 reviews
"Best Boston Location, 2BR (M#4)",N/A,N/A,N/A
One-Bedroom on Beacon Street Apt 206,N/A,N/A,N/A
Two-Bedroom on Hamilton Place Apt 301,N/A,N/A,N/A
The Farrington Inn,Review score,6.3,"1,080 reviews"
One-Bedroom on East Springfield Street Apt B,N/A,N/A,N/A
304 Newbury Street by Short Term Rentals Boston,Very Good,8.0,53 reviews
Two Bedroom Apartment in Downtown Boston by STARS of Boston,Good,7.2,27 reviews
Modern Brighton Getaway,N/A,N/A,N/A
The Beacon on Massachusetts Avenue Condo,N/A,N/A,N/A
The Michelle 4,N/A,N/A,N/A
One-Bedroom on Washington Street Apt 307,N/A,N/A,N/A
Apartment by Tufts Medical by STARS of Boston,Review score,6.8,9 reviews
The Inn at Longwood Medical,Good,7.8,331 reviews
One-Bedroom on Warrenton Street Apt 14,N/A,N/A,N/A
One-Bedroom on Warrenton Street Apt 14,N/A,N/A,N/A
One-Bedroom on Warrenton Street Apt 19,Review score,6.7,8 reviews
Four-Bedroom on Hamilton Place Apt 407,N/A,N/A,N/A
Two-Bedroom on D Street Apt 158,N/A,N/A,N/A
The Michelle 3,N/A,N/A,N/A
Two-Bedroom on Hamilton Place Apt 503,N/A,N/A,N/A
463 Beacon Street Guest House,Review score,6.7,938 reviews
Penthouse at Upham's Corner Condo,N/A,N/A,N/A
Two-Bedroom on Washington Street Apt 402,Very Good,8.1,14 reviews
Studio on Arch Street Apt 2B,Good,7.1,6 reviews
Beacon Hill Apartment,N/A,N/A,N/A
One-Bedroom on Arch Street Apt 3D,Excellent,8.7,9 reviews
2 Bedroom Apartment in Downtown Boston,N/A,N/A,N/A
Kimpton Onyx Hotel,Very Good,8.5,827 reviews
One-Bedroom on Beacon Street Apt 204,Very Good,8.3,7 reviews
Two-Bedroom on Milk Street Apt 3D,Exceptional,9.5,6 reviews
One-Bedroom on Arch Street Apt 2D,Very Good,8.1,7 reviews
Renaissance Boston Waterfront Hotel,Excellent,8.6,389 reviews
Luxury Stay Boston Boylston,Awesome,9.0,6 reviews
Studio on Beacon Street Apt 14,N/A,N/A,N/A
One-Bedroom on D Street Apt 111,Awesome,9.4,7 reviews
One-Bedroom on N Margin Street Apt 1,N/A,N/A,N/A
Two-Bedroom on E Springfield Street Apt 3,N/A,N/A,N/A
Beacon Hill Hotel,Excellent,8.7,130 reviews
Residence Inn by Marriott Boston Downtown Seaport,Excellent,8.9,86 reviews
DoubleTree Club by Hilton Hotel Boston Bayside,Very Good,8.0,725 reviews
One-Bedroom on Newbury Street Apt 32,Good,7.8,12 reviews
Gorgeous Unique 3BR/3BA Duplex North End (M-G),N/A,N/A,N/A
One-Bedroom on D Street Apt 323,N/A,N/A,N/A
"The Ritz-Carlton, Boston",Very Good,8.3,51 reviews
The Michelle 1,Awesome,9.2,5 reviews
One-Bedroom on D Street Apt 246,N/A,N/A,N/A
One-Bedroom on Brookline Avenue Apt 203,N/A,N/A,N/A
One-Bedroom on D Street Apt 329,N/A,N/A,N/A
Boston Best One Bedroom Duplex (H2C),N/A,N/A,N/A
One-Bedroom on Arch Street Apt 3C,Good,7.0,15 reviews
PIER 4,N/A,N/A,N/A
Boston Best Furnished Studio (H2A),N/A,N/A,N/A
Stunning 2 Bedroom Apartment by Boston University with Parking,Very Good,8.2,12 reviews
One-Bedroom on Harrison Avenue Apt 206,N/A,N/A,N/A
Four-Bedroom on Hamilton Place Apt 507,N/A,N/A,N/A
94 Charles Street by Short Term Rentals Boston,Good,7.5,37 reviews
Reggie's Place,Good,7.8,17 reviews
One-Bedroom on Washington Street Apt 205,N/A,N/A,N/A
One-Bedroom on Chestnut Hill Avenue Apt 15,N/A,N/A,N/A
Charlesview Suites Back Bay,Excellent,8.9,24 reviews
One-Bedroom on Newbury Street Apt 42,N/A,N/A,N/A
Archstone Modernity,N/A,N/A,N/A
Two-Bedroom on Tremont Street Apt 6,Very Good,8.1,11 reviews
One-Bedroom on D Street Apt 348,N/A,N/A,N/A
Global Luxury Suites at the Commonwealth,Good,7.6,10 reviews
Apartments on Beacon Street,Very Good,8.0,29 reviews
Bluebird Suites at Van Ness,N/A,N/A,N/A
"Best Boston Location, 2BR (M#3)",N/A,N/A,N/A
Back Bay Studio by STARS of Boston,Very Good,8.5,5 reviews
Global Luxury Suites at the Financial District,Awesome,9.0,5 reviews
One-Bedroom on Beacon Street Apt 208,N/A,N/A,N/A
Global Luxury Suites at Boston Garden,N/A,N/A,N/A
The Boxer,Excellent,8.6,574 reviews
One-Bedroom on Washington Street Apt 305,N/A,N/A,N/A
Boston Huge 1 BR Best Location (H2B),N/A,N/A,N/A
John Jeffries House,Good,7.9,86 reviews
Quarters on DOT by Short Term Rentals Boston,Review score,6.9,409 reviews
One-Bedroom on Boylston Street Apt 11,Good,7.1,6 reviews
102 Chandler Street by Lyon Apartments,Very Good,8.4,11 reviews
Bluebird Suites at Boylston,N/A,N/A,N/A
Taylor House Bed and Breakfast,Very Good,8.2,47 reviews
One-Bedroom on Beacon Street Apt 202,N/A,N/A,N/A
Chestnut Hill Ave Studio by STARS of Boston,Good,7.3,14 reviews
West End Hideaway,N/A,N/A,N/A
Egleston Square Condo Jamaica Plain,N/A,N/A,N/A
One-Bedroom on Warrenton Street Apt 3,N/A,N/A,N/A
Oakwood Lofts at Atlantic Wharf,N/A,N/A,N/A
One-Bedroom on Brookline Avenue Apt 405,N/A,N/A,N/A
Allston Red House 1 Bed Apartment by RoyalStreet,N/A,N/A,N/A
ARTlab DX,Excellent,8.6,5 reviews
"enVision Hotel Boston - Longwood, an Ascend Hotel Collection Member",Very Good,8.3,170 reviews
Two-Bedroom on Hamilton Place Apt 403,N/A,N/A,N/A
Studio on Arch Street Apt 3B,N/A,N/A,N/A
Sky View on Jones Hill Condo,N/A,N/A,N/A
Two-Bedroom on Western Avenue Apt N301,Good,7.5,5 reviews
One-Bedroom on Warrenton Street Apt 16,Review score,6.9,8 reviews
One-Bedroom on Boylston Street Apt 10,Review score,6.9,10 reviews
Two-Bedroom on Washington Street Apt 403,N/A,N/A,N/A
One-Bedroom on Bay State Road Apt 3R,N/A,N/A,N/A
Bay State in the Back Bay Condo,N/A,N/A,N/A
Global Luxury Suites at Seaport,N/A,N/A,N/A
237 Northampton Street by Short Term Rentals Boston,Review score,6.9,11 reviews
Studio on Arch Street Apt 2A,N/A,N/A,N/A
2 Bedroom House in Brighton,N/A,N/A,N/A
One-Bedroom on Arch Street Apt 5A,Very Good,8.5,7 reviews
One-Bedroom on Arch Street Apt 4C,Very Good,8.1,8 reviews
One-Bedroom on Warrenton Street Apt 2,N/A,N/A,N/A
One-Bedroom on Chestnut Hill Avenue Apt 19,N/A,N/A,N/A
Family Apartment In Front Of The Subway with One Parking Spot,N/A,N/A,N/A
Studio on Newbury Street Apt 41,N/A,N/A,N/A
Two-Bedroom on E Springfield Street Apt 2,N/A,N/A,N/A
XV Beacon Hotel,Awesome,9.2,61 reviews
Monument Square Home on Bunker Hill Home,N/A,N/A,N/A
Sawyer on Jones Hill Condo,N/A,N/A,N/A
Luxury Apartments in Watermark Seaport near BCEC by LYX Suites,Excellent,8.7,31 reviews
The Michelle 2,N/A,N/A,N/A
Two-Bedroom on Western Avenue Apt N322,N/A,N/A,N/A
Residence Inn by Marriott Boston Harbor on Tudor Wharf,Excellent,8.6,250 reviews
784 Tremont Street by Short Term Rentals Boston,Good,7.2,23 reviews
Grand View on Jones Hill Condo,N/A,N/A,N/A
One-Bedroom on D Street Apt 234,N/A,N/A,N/A
Two-Bedroom on Western Avenue Apt N314,N/A,N/A,N/A
Roseclair at Upham's Corner Apts,N/A,N/A,N/A
16 E. Springfield Street by Short Term Rentals Boston,Very Good,8.0,17 reviews
Global Luxury Suites at Mission Hill,N/A,N/A,N/A
Boston Marriott Long Wharf,Excellent,8.6,303 reviews
652 Massachusetts Avenue by Short Term Rentals Boston,Good,7.2,9 reviews
"Relax n ""think"" about next business",N/A,N/A,N/A
Alameda 2 at Weld Farm Condo,N/A,N/A,N/A
One-Bedroom on Beacon Street Apt 205,N/A,N/A,N/A
Holiday Inn Express Hotel and Suites Boston TD Garden,Good,7.7,337 reviews
Three-Bedroom on Washington Street Apt 4,N/A,N/A,N/A
Two-Bedroom on Commonwealth Avenue Apt 1314,N/A,N/A,N/A
Moroccan Luxury Suites,Exceptional,9.6,50 reviews
Dorset at Upham's Corner Condo,N/A,N/A,N/A
Bird's Eye View,N/A,N/A,N/A
The Longfellow Lookout,N/A,N/A,N/A
Royal Street Studio Apartment by RoyalStreet,Excellent,8.8,10 reviews
One-Bedroom on Boylston Street Apt 8,Review score,6.0,7 reviews
Shawmut In Ashmont Village Condo,N/A,N/A,N/A
Affordable Studio with One Free Parking Spot,N/A,N/A,N/A
Apartments on Western Avenue,Good,7.8,11 reviews
Mayhew at Upham's Corner Apts,N/A,N/A,N/A
Guild Street Townhouse,Excellent,8.8,6 reviews
One-Bedroom on Warrenton Street Apt 18,N/A,N/A,N/A
"Marriott Vacation Club Pulse at Custom House, Boston",Awesome,9.2,47 reviews
Studio on Arch Street Apt 5B,N/A,N/A,N/A
"Cozy, Patio, Pool, and Whole Foods",N/A,N/A,N/A
Oakwood at Devonshire,N/A,N/A,N/A
Three-Bedroom on Western Avenue Apt S501,N/A,N/A,N/A
One-Bedroom on Beacon Street Apt 714,Very Good,8.1,13 reviews
One-Bedroom on Arch Street Apt 4D,Good,7.9,12 reviews
Two-Bedroom on Western Avenue Apt N306,N/A,N/A,N/A
Zakim's View,N/A,N/A,N/A
Chandler Studios,Excellent,8.7,98 reviews
Little Pearl,Exceptional,9.8,6 reviews
One-Bedroom on Washington Street Apt 5,Good,7.6,7 reviews
Brighton Retreat,N/A,N/A,N/A
Bluebird Suites at West End,N/A,N/A,N/A
Oakwood at Watermark Seaport,N/A,N/A,N/A
The Ledder House 5,Review score,6.7,20 reviews
Oakwood at 234 Newbury,N/A,N/A,N/A
Beautiful Bunker Hill 2 Bd,N/A,N/A,N/A
Renovated Apartment Near Airport,N/A,N/A,N/A
One-Bedroom on Arch Street Apt 1B,N/A,N/A,N/A
102 Chandler #7 By Lyon Apartments,N/A,N/A,N/A
102 Chandler #5 By Lyon Apartments,N/A,N/A,N/A
102 Chandler #8 By Lyon Apartments,N/A,N/A,N/A
102 Chandler #6 By Lyon Apartments,N/A,N/A,N/A
Three-Bedroom on South Street Apt 3,N/A,N/A,N/A
One-Bedroom on Chestnut Hill Avenue Apt 9,N/A,N/A,N/A
North End Enchanted Cottage,N/A,N/A,N/A
